<?xml version="1.0" encoding="UTF-8"?>
<map>
   <appContext helpID="MH3_motor_control"
               path="GUID-7BBD04D6-F959-4DB3-986C-62130FAEF07C.html"/>
   <appContext helpID="supported_algorithms"
               path="GUID-BC210DD6-B7A6-407F-A3EC-49CFE5DBAC60.html"/>
   <appContext helpID="permanent_magnet_synchronous_motors"
               path="GUID-85BE370F-0541-4589-AA23-E11A372DBE9F.html"/>
   <appContext helpID="pmsm_foc" path="GUID-60DDB34A-7CBA-4DE1-814C-88D432196E35.html"/>
   <appContext helpID="MH3_motor_control_field_oriented_control"
               path="GUID-5CCF6974-52BB-4407-9796-20C86F178C71.html"/>
   <appContext helpID="motor_control_field_oriented_control"
               path="GUID-5CCF6974-52BB-4407-9796-20C86F178C71.html"/>
   <appContext helpID="MH3_motor_control_pmsm_motor"
               path="GUID-C1C929BC-0D12-40FB-B555-F28B23CB457E.html"/>
   <appContext helpID="motor_control_pmsm_motor"
               path="GUID-C1C929BC-0D12-40FB-B555-F28B23CB457E.html"/>
   <appContext helpID="MH3_motor_control_current_measurement"
               path="GUID-B0B753AB-03CF-4363-9DF4-3CC3CEF4D84F.html"/>
   <appContext helpID="motor_control_current_measurement"
               path="GUID-B0B753AB-03CF-4363-9DF4-3CC3CEF4D84F.html"/>
   <appContext helpID="MH3_motor_control_rotor_position_measurement"
               path="GUID-85B9E278-D8AE-4132-9904-24D72A113AD7.html"/>
   <appContext helpID="motor_control_rotor_position_measurement"
               path="GUID-85B9E278-D8AE-4132-9904-24D72A113AD7.html"/>
   <appContext helpID="harmony_qspin_pmsm_foc"
               path="GUID-81C3E3D7-9C52-4575-B330-AB618C657300.html"/>
   <appContext helpID="MH3_motor_control_getting_started"
               path="GUID-0E28D069-94DC-4B85-967B-CBF9A45BE525.html"/>
   <appContext helpID="motor_control_getting_started"
               path="GUID-0E28D069-94DC-4B85-967B-CBF9A45BE525.html"/>
   <appContext helpID="MH3_motor_control_create_mc_project_with_mcc"
               path="GUID-65E9E132-9999-4EAE-B258-B9FB4825CFC8.html"/>
   <appContext helpID="motor_control_create_mc_project_with_mcc"
               path="GUID-65E9E132-9999-4EAE-B258-B9FB4825CFC8.html"/>
   <appContext helpID="MH3_motor_control_qspin_motor_control_configuration"
               path="GUID-6EC2A9BD-E456-4FD8-ADDA-87FBC8023291.html"/>
   <appContext helpID="motor_control_qspin_motor_control_configuration"
               path="GUID-6EC2A9BD-E456-4FD8-ADDA-87FBC8023291.html"/>
   <appContext helpID="MH3_motor_control_hardware_modules"
               path="GUID-ECF85ABD-803D-4969-8737-C0CA3DBC62EA.html"/>
   <appContext helpID="motor_control_hardware_modules"
               path="GUID-ECF85ABD-803D-4969-8737-C0CA3DBC62EA.html"/>
   <appContext helpID="MH3_motor_control_peripheral_modules"
               path="GUID-5CB16768-D98D-45EA-805F-343C7E896621.html"/>
   <appContext helpID="motor_control_peripheral_modules"
               path="GUID-5CB16768-D98D-45EA-805F-343C7E896621.html"/>
   <appContext helpID="peripheral_modules"
               path="GUID-5CB16768-D98D-45EA-805F-343C7E896621.html"/>
   <appContext helpID="MH3_motor_control_software_ modules"
               path="GUID-E5EED18A-CF3E-4DA4-B210-950FDB8FA076.html"/>
   <appContext helpID="motor_control_software_ modules"
               path="GUID-E5EED18A-CF3E-4DA4-B210-950FDB8FA076.html"/>
   <appContext helpID="software_ modules"
               path="GUID-E5EED18A-CF3E-4DA4-B210-950FDB8FA076.html"/>
   <appContext helpID="MH3_motor_control_generate_mc_code_with_mcc"
               path="GUID-4DD19DCE-B6EF-408C-8574-5B2258EAA616.html"/>
   <appContext helpID="motor_control_generate_mc_code_with_mcc"
               path="GUID-4DD19DCE-B6EF-408C-8574-5B2258EAA616.html"/>
   <appContext helpID="harmony_qspin_pmsm_foc_modules"
               path="GUID-35451F85-BBB3-4DF6-B3AC-00FB57657EFF.html"/>
   <appContext helpID="software_modules"
               path="GUID-BE907C69-DC5C-4438-920A-48EE4B48DD9B.html"/>
   <appContext helpID="startup_configurator_module"
               path="GUID-2E524004-ED37-4174-9ECC-3075003F70A7.html"/>
   <appContext helpID="motor_control_and_diagnosis_module"
               path="GUID-1247DA32-16EE-410F-8821-9996138029EC.html"/>
   <appContext helpID="output_stage_module"
               path="GUID-52CA4CA5-55BC-423F-B79E-B814E889984B.html"/>
   <appContext helpID="current_measurement_module"
               path="GUID-D30380EE-7150-40F0-8CD4-972379CEF307.html"/>
   <appContext helpID="voltage_measurement_and_diag_module"
               path="GUID-01B46490-213A-4272-8195-738256105928.html"/>
   <appContext helpID="rotor_position_estimation_and_diag_module"
               path="GUID-3FC371D1-5F20-4FD5-BE9C-5E735208822F.html"/>
   <appContext helpID="data_monitoring"
               path="GUID-04C38070-686B-47B2-92B4-277FB5A980FC.html"/>
   <appContext helpID="hardware_modules"
               path="GUID-BB66D816-CABD-4083-B7D9-74C9FE9D061F.html"/>
   <appContext helpID="motor_parameters"
               path="GUID-0B134E27-482C-48C3-8895-2AF0AEAFBA99.html"/>
   <appContext helpID="pmsm_parameter_identification"
               path="GUID-EA06C12E-C4FB-45A7-B93F-D0B6BB2E181A.html"/>
   <appContext helpID="analog_front_end_module"
               path="GUID-989E7AA5-599B-44EF-B07B-92CF360E8489.html"/>
   <appContext helpID="voltage_source_module"
               path="GUID-39CB4463-8D2C-49F3-8335-00B1A0426867.html"/>
   <appContext helpID="peripheral_modules"
               path="GUID-C90EFA82-CF97-4B03-BC71-6FABB47DD468.html"/>
   <appContext helpID="pwm_interface_module"
               path="GUID-074A0B6E-2F55-48D4-9597-C94198261D9A.html"/>
   <appContext helpID="analog_interface_module"
               path="GUID-F357EFE7-06A7-410D-9D17-FBE6A6933412.html"/>
   <appContext helpID="position_interface_module"
               path="GUID-593B51D7-753B-4F45-907A-9A084230C6CB.html"/>
   <appContext helpID="MH3_motor_control_software_architecture"
               path="GUID-F8D4D059-6217-4066-BD8B-60DD5B0B9DF3.html"/>
   <appContext helpID="motor_control_software_architecture"
               path="GUID-F8D4D059-6217-4066-BD8B-60DD5B0B9DF3.html"/>
   <appContext helpID="h3_qspin_api_reference"
               path="GUID-5D9A13C4-45FC-4744-B788-8853716E4AD8.html"/>
   <appContext helpID="mc_application_api"
               path="GUID-722DD900-7015-4646-B69F-20C19A60A801.html"/>
   <appContext helpID="mcAppI_ApplicationInit"
               path="GUID-D22C9F7D-1B8A-466D-999B-9966F5373A83.html"/>
   <appContext helpID="mcAppI_ApplicationReset"
               path="GUID-F8004F01-8DE1-430D-81D2-60D9AB4412C1.html"/>
   <appContext helpID="mcAppI_AdcFinishedIsr"
               path="GUID-5941780D-A35E-4340-B2B6-327A4499AB6E.html"/>
   <appContext helpID="mcAppI_AdcCalibrationIsr"
               path="GUID-55B23CE1-53F4-4D3C-8843-2D3146234B06.html"/>
   <appContext helpID="mcAppI_1msTasksHandler"
               path="GUID-6774DC6D-FDB0-4AA1-99F5-306B95F83298.html"/>
   <appContext helpID="mcAppI_DirectionReverse"
               path="GUID-8F6EF3ED-5D9F-4C2E-A1B3-AE3AA14B920F.html"/>
   <appContext helpID="mcAppI_MotorStartStop"
               path="GUID-5045BCD8-FA9F-454C-94EF-F61ED7F98D7A.html"/>
   <appContext helpID="mcAppI_NonISRTasks"
               path="GUID-F403F854-AF20-455B-B252-A62874111430.html"/>
   <appContext helpID="mcAppI_OverCurrentReactionIsr"
               path="GUID-4D6F6A93-87D1-4ADD-B77D-9A427C0E2FE4.html"/>
   <appContext helpID="mc_current_measurement_api"
               path="GUID-9305E76E-942D-44E6-9DD2-A6049ABE3323.html"/>
   <appContext helpID="mcCurI_CurrentCalculationInit"
               path="GUID-578516D0-E8F5-40B9-AC07-AFD67B11773A.html"/>
   <appContext helpID="mcCurI_CurrentOffsetCalculation"
               path="GUID-5D2A8B6E-F51B-4AA3-ACB0-59340D90C6EE.html"/>
   <appContext helpID="mcCurI_CurrentCalculation"
               path="GUID-602BBD41-97CB-4BA2-9BAE-13C156799A9B.html"/>
   <appContext helpID="mcCurI_CurrentCalculationReset"
               path="GUID-E769C9AE-4561-49CF-AC66-F9D2AB4FB757.html"/>
   <appContext helpID="tmcCur_Input_s"
               path="GUID-BAC35AA9-FEA8-4ABC-AB00-FCDD25781FC3.html"/>
   <appContext helpID="tmcCur_Output_s"
               path="GUID-FA97B252-9EBB-421C-BD36-03F1C9A30649.html"/>
   <appContext helpID="tmcCur_Parameters_s"
               path="GUID-2FCB98D5-D91A-4C48-929B-F1CF00229184.html"/>
   <appContext helpID="tmcCur_States_s Struct"
               path="GUID-52B92668-BB17-4CD7-9C7C-E1DC6A651633.html"/>
   <appContext helpID="tmcCur_ModuleData_s"
               path="GUID-05D415E6-5803-4A20-91D5-8693A823D50D.html"/>
   <appContext helpID="mc_field_oriented_control_api"
               path="GUID-29D06553-EE7F-4EDC-92DF-17C19EE36334.html"/>
   <appContext helpID="mcFocI_FieldOrientedControlInit"
               path="GUID-2109A4FB-BDA2-4CEF-8710-BAD27FA52143.html"/>
   <appContext helpID="mcFocI_FieldOrientedControlEnable"
               path="GUID-A282C66C-7BE1-4E91-9785-6D434C5A9B44.html"/>
   <appContext helpID="mcFocI_FieldOrientedControlSlow"
               path="GUID-63CC34B5-204B-4DAA-86A6-CD6E9EDFE07E.html"/>
   <appContext helpID="mcFocI_FieldOrientedControlFast"
               path="GUID-6C1A67BA-B382-4884-B661-AF3F0BA36D3E.html"/>
   <appContext helpID="mcFocI_FieldOrientedControlDisable"
               path="GUID-9B03A001-6B42-4830-A0A1-00C5F3312334.html"/>
   <appContext helpID="mcFocI_FieldOrientedControlReset"
               path="GUID-585161BC-93F5-4453-8886-661AA9BED607.html"/>
   <appContext helpID="mcFocI_MotorDirectionChange"
               path="GUID-EE6D438E-7394-453E-B326-B9C9CE72A2F6.html"/>
   <appContext helpID="mcFoc_ClarkeTransformation"
               path="GUID-92ACB0C5-9954-44B5-8583-47F0E6960A32.html"/>
   <appContext helpID="mcFoc_ParkTransformation"
               path="GUID-731D588E-F7D0-4AF2-B8DB-6FCE9DBEE75A.html"/>
   <appContext helpID="mcFoc_InverseParkTransformation"
               path="GUID-9B14E01D-A72F-4969-A64B-4A219642F3C7.html"/>
   <appContext helpID="tmcFocI_ModuleData_s"
               path="GUID-F2BF521F-1F0B-4EF0-9C0B-CC80D86BA5B2.html"/>
   <appContext helpID="tmcFoc_State_s"
               path="GUID-DDC58770-5B56-48BC-845A-0F6B63F6BFEB.html"/>
   <appContext helpID="tmcFoc_Parameters_s"
               path="GUID-7C52AFC8-2412-42FB-8DDA-D1FB947D5EE0.html"/>
   <appContext helpID="tmcFoc_Output_s"
               path="GUID-CD3370BD-89F2-4A75-A768-08A01673762C.html"/>
   <appContext helpID="tmcFoc_Input_s"
               path="GUID-EE60D071-FCED-4FD3-82C6-D03A5B366044.html"/>
   <appContext helpID="tmcFoc_FocState_e"
               path="GUID-69AE6307-6B26-4028-96A6-DDD234BF3357.html"/>
   <appContext helpID="ROTOR_ANGLE_RAMP_RATE"
               path="GUID-163E3393-AEB0-47C7-B86B-C60C6D6D81E4.html"/>
   <appContext helpID="mc_flux_control_api"
               path="GUID-F2C7364C-E569-4174-871C-98C42227C68B.html"/>
   <appContext helpID="mcFlxI_FluxControlInit"
               path="GUID-07442475-DDE1-418E-BA0B-94B807789185.html"/>
   <appContext helpID="mcFlxI_FluxControlEnable"
               path="GUID-1CBBC594-C546-4B17-9D91-5B4C8C4F6FBC.html"/>
   <appContext helpID="mcFlxI_FluxControlManual"
               path="GUID-7ACAC663-5EDA-4EB2-AAED-8C5B415E7BF7.html"/>
   <appContext helpID="mcFlxI_FluxControlAuto"
               path="GUID-0E2765C2-F3CB-4BAE-92EB-51E6D3054111.html"/>
   <appContext helpID="mcFlxI_FluxControlDisable"
               path="GUID-2A7213F2-2D96-4D0D-984B-DABD731BC9A2.html"/>
   <appContext helpID="mcFlxI_FluxControlReset"
               path="GUID-B5F89A81-EEFB-47A5-BFD0-D5B73BF13C53.html"/>
   <appContext helpID="mcFlxI_FluxWeakeningInit"
               path="GUID-C099E625-F92D-4904-BBFC-C2A70D9C8763.html"/>
   <appContext helpID="mcFlxI_FluxWeakeningEnable"
               path="GUID-61ABC3CE-FDB9-4F16-A372-751DEE786042.html"/>
   <appContext helpID="mcFlxI_FluxWeakening"
               path="GUID-C417A0D7-E2FF-46C4-8A75-AF3D5265DD6D.html"/>
   <appContext helpID="mcFlxI_FluxWeakeningDisable"
               path="GUID-98F5FAD7-9104-401C-8CBC-19FA27773206.html"/>
   <appContext helpID="mcFlxI_FluxWeakeningReset"
               path="GUID-B9A6FEA2-1E5E-49C9-A32A-55C790AE0DBD.html"/>
   <appContext helpID="mcFlxI_MTPAInit"
               path="GUID-7E74DD83-5D19-472C-9AB6-6B036837082A.html"/>
   <appContext helpID="mcFlxI_MTPAEnable"
               path="GUID-5082D82A-C230-4792-80EE-E31AB4A9039D.html"/>
   <appContext helpID="mcFlxI_MTPA"
               path="GUID-6AB765CD-3B0D-4A9D-9786-FAD686CEFF77.html"/>
   <appContext helpID="mcFlxI_MTPADisable"
               path="GUID-9D230B6F-F9CC-439E-9E16-42AFD30EDB55.html"/>
   <appContext helpID="mcFlxI_MTPAReset"
               path="GUID-D6FB7702-A7FC-422D-9833-923CDC87C6A4.html"/>
   <appContext helpID="tmcFlx_State_s"
               path="GUID-0FB8D25F-8A50-40DF-86FC-C2629D39185C.html"/>
   <appContext helpID="tmcFlx_Parameters_s"
               path="GUID-FC3360CA-CEB3-454C-AAF3-75E267783933.html"/>
   <appContext helpID="tmcFlx_MTPA_s"
               path="GUID-EDCF7049-2274-45F2-9AC9-DC83A186F78D.html"/>
   <appContext helpID="tmcFlx_FluxWeakening_s"
               path="GUID-ED65B907-1AE7-4826-B0B4-B2D868EEBC32.html"/>
   <appContext helpID="mc_flying_start"
               path="GUID-93C92F24-67BF-47EF-9FC8-CB25B0448049.html"/>
   <appContext helpID="mcFlyI_FlyingStartInit"
               path="GUID-AD04CE6C-AE48-4E08-9E9A-5C4C1E12CD9F.html"/>
   <appContext helpID="mcFlyI_FlyingStartEnable"
               path="GUID-5677F685-AE70-4583-AC21-F8366E62CF09.html"/>
   <appContext helpID="mcFlyI_FlyingStart"
               path="GUID-123EA696-ED60-4BE0-AB63-1099B11EEC84.html"/>
   <appContext helpID="mcFlyI_FlyingStartDisable"
               path="GUID-E3043FD6-1A8D-4CFA-8227-264EA1428F26.html"/>
   <appContext helpID="mcFlyI_FlyingStartReset"
               path="GUID-1F179160-4999-469E-B460-078F770CD36F.html"/>
   <appContext helpID="tmcFly_State_s"
               path="GUID-FA231C97-219C-4281-A35E-B8D029A75B35.html"/>
   <appContext helpID="tmcFly_Parameters_s"
               path="GUID-ADCD5EBE-C9FD-460C-89AE-A5004E4A6279.html"/>
   <appContext helpID="tmcFly_FlyingStartState_e"
               path="GUID-7F83E1D9-118A-46C8-AA6C-0797E6E90BD0.html"/>
   <appContext helpID="mcMotI_MotorParametersInit"
               path="GUID-ABDB314F-3947-401B-AC7B-AE732C30ED8C.html"/>
   <appContext helpID="tmcMot_PMSM_s"
               path="GUID-91452ED7-1AD8-4CAF-8CBD-51157DFB81A8.html"/>
   <appContext helpID="mc_open_loop_startup_api"
               path="GUID-ADA9E733-D754-440C-870C-667F52B33F79.html"/>
   <appContext helpID="mcSupI_OpenLoopStartupInit"
               path="GUID-5709463C-9692-4C32-849D-71ED7F9D6F92.html"/>
   <appContext helpID="mcSupI_OpenLoopStartupEnable"
               path="GUID-209C065D-A933-4946-A07E-F402D69AF9BC.html"/>
   <appContext helpID="mcSupI_OpenLoopStartup"
               path="GUID-4D3536DD-A4DC-42D6-9151-675D0E6F93B9.html"/>
   <appContext helpID="mcSupI_OpenLoopStartupDisable"
               path="GUID-DD95B01D-74C5-4333-ACFD-A1ACEB543D51.html"/>
   <appContext helpID="mcSupI_OpenLoopStartupReset"
               path="GUID-A8977F73-5082-4516-9680-A8ADBF1BB483.html"/>
   <appContext helpID="tmcSup_State_s"
               path="GUID-91AF22E7-8E45-42B4-B737-6FAE9C58BB49.html"/>
   <appContext helpID="tmcSup_Parameters_s"
               path="GUID-162593F8-1D14-4EC0-AD7E-24B255074CF7.html"/>
   <appContext helpID="tmcSup_State_e"
               path="GUID-735ED8C3-91B8-475D-A6EF-383D57B4D303.html"/>
   <appContext helpID="mc_pwm_api"
               path="GUID-62CA7E13-B0D2-4DF9-9DF0-ECFBECB01BAC.html"/>
   <appContext helpID="mcPwmI_PulseWidthModulationInit"
               path="GUID-3F2D95F4-FAE8-41FE-9D00-C554008BDC48.html"/>
   <appContext helpID="mcPwmI_PulseWidthModulationEnable"
               path="GUID-37154732-4345-4D52-800B-5F1CE3C960CE.html"/>
   <appContext helpID="mcPwmI_PulseWidthModulation"
               path="GUID-BA7D6341-0C4C-4D61-AD07-932167CD8E87.html"/>
   <appContext helpID="mcPwmI_PulseWidthModulationDisable"
               path="GUID-0B892C5C-D30A-4B74-92AE-B818623BD627.html"/>
   <appContext helpID="mcPwmI_PulseWidthModulationReset"
               path="GUID-00D908BD-39D6-4F9C-A3FA-F1B601130140.html"/>
   <appContext helpID="mcPwm_IntegerScale"
               path="GUID-E0E012F4-A6B5-4623-8752-EAD9048F8EB1.html"/>
   <appContext helpID="tmcPwm_State_s"
               path="GUID-2096EBEA-DE6C-429A-83E1-31E22B84842B.html"/>
   <appContext helpID="tmcPwm_Parameters_s"
               path="GUID-49972E8B-70F4-4472-82E3-27EA85E1D5F4.html"/>
   <appContext helpID="tmcPwm_Sector_e"
               path="GUID-45C508CB-2E07-48E8-9266-D67C0A132EFD.html"/>
   <appContext helpID="DT_PADDING"
               path="GUID-82C7D359-5F86-41C6-8FBB-4E9AE7895961.html"/>
   <appContext helpID="mc_reference_control_api"
               path="GUID-7F47B1B7-2CB8-492F-B60E-E96EF6CAEDFA.html"/>
   <appContext helpID="mcRefI_ReferenceControlInit"
               path="GUID-D492A071-9A07-4FBF-9A8E-AE818BCCCBC1.html"/>
   <appContext helpID="mcRefI_ReferenceControlEnable"
               path="GUID-108A98BA-893C-48C6-ADCE-E92BE9677506.html"/>
   <appContext helpID="mcRefI_ReferenceControl"
               path="GUID-224C2527-80C6-44A9-8F12-84C7B0C1C1C7.html"/>
   <appContext helpID="mcRefI_ReferenceControlDisable"
               path="GUID-38672EDD-FC31-4FB1-8134-5663F2B52855.html"/>
   <appContext helpID="mcRefI_ReferenceControlReset"
               path="GUID-80FABEF4-F279-4CA0-8542-6C9EED85FE8D.html"/>
   <appContext helpID="tmcRef_State_s"
               path="GUID-3E501283-7BEC-46E9-BC00-37E1FB8CD9AC.html"/>
   <appContext helpID="tmcRef_Parameters_s"
               path="GUID-F54FDC17-9A9D-444E-A7DC-EC4250E1BB0D.html"/>
   <appContext helpID="mc_speed_control_api"
               path="GUID-09303D23-D377-44CB-83E7-4709D2931CC2.html"/>
   <appContext helpID="mcSpeI_SpeedControlInit"
               path="GUID-A767C164-C52A-4AAF-AD7D-E5D367EE3C6B.html"/>
   <appContext helpID="mcSpeI_SpeedControlEnable"
               path="GUID-52B528A5-613B-4C5C-B918-BE622754B69E.html"/>
   <appContext helpID="mcSpeI_SpeedControlManual"
               path="GUID-2C0CD558-A51D-43D7-9879-6C05B2946BDE.html"/>
   <appContext helpID="mcSpeI_SpeedControlAuto"
               path="GUID-ECAEE3D3-8897-42F2-87B1-415C15C736AC.html"/>
   <appContext helpID="mcSpeI_SpeedControlReset"
               path="GUID-A1EB5A47-ADAF-4976-A185-30BC9E81CE39.html"/>
   <appContext helpID="mcSpeI_SpeedControlDisable"
               path="GUID-61726369-80C4-446E-94CF-BF9876134B6F.html"/>
   <appContext helpID="tmcSpe_State_s"
               path="GUID-5E93609B-AF17-4BCD-B56C-EEF3490548B4.html"/>
   <appContext helpID="tmcSpe_Parameters_s"
               path="GUID-6D1964FA-2BB0-48EA-A331-B0B04102E7CB.html"/>
   <appContext helpID="mc_torque_control_api"
               path="GUID-F87B6F26-5599-4975-BBD9-A17AF00B037A.html"/>
   <appContext helpID="mcTorI_TorqueControlInit"
               path="GUID-AECEBEDD-CEA4-4BAA-BB38-642134FFFAFB.html"/>
   <appContext helpID="mcTorI_TorqueControlEnable"
               path="GUID-E71B6BE4-6000-4EC8-A9DC-25BE693E8EB5.html"/>
   <appContext helpID="mcTorI_TorqueControlAuto"
               path="GUID-B0960401-F15D-4A2F-9BE3-B2E7A2552467.html"/>
   <appContext helpID="mcTorI_TorqueControlManual"
               path="GUID-FDB2A596-C8F6-46A3-8D75-3AE3B60B195C.html"/>
   <appContext helpID="mcTorI_TorqueControlDisable"
               path="GUID-E04E56E2-4D2D-4BBA-ABF1-F7EAE2D83E04.html"/>
   <appContext helpID="mcTorI_TorqueControlReset"
               path="GUID-521990F2-BCFF-4400-AD82-493C1C19CE85.html"/>
   <appContext helpID="tmcTor_State_s"
               path="GUID-B8660A41-B563-4003-B915-27BB6244A6A3.html"/>
   <appContext helpID="tmcTor_Parameters_s"
               path="GUID-29E88A9B-3CEF-4FD0-ABE9-FF9D734060A5.html"/>
   <appContext helpID="mc_position_control_api"
               path="GUID-93DFD1DF-A5E8-4903-8826-F92C94F3EEF2.html"/>
   <appContext helpID="mcPosI_PositionControlInit"
               path="GUID-E0C15431-5B04-4C40-B4C1-A8818B405042.html"/>
   <appContext helpID="mcPosI_PositionControlEnable"
               path="GUID-B9C69650-15E9-4E89-BEA9-8C1DB5BE7857.html"/>
   <appContext helpID="mcPosI_PositionControlManual"
               path="GUID-E9C802EF-0DA5-49C3-8B05-0B2375B11B0A.html"/>
   <appContext helpID="mcPosI_PositionControlAuto"
               path="GUID-ABE2EBC0-B26B-4A42-B45A-659D9AE3CC08.html"/>
   <appContext helpID="mcPosI_PositionControlDisable"
               path="GUID-A53CF31E-4DEB-4809-9CFD-62807A0A45DA.html"/>
   <appContext helpID="mcPosI_PositionControlReset"
               path="GUID-3DC7124A-1783-446D-9B9F-01B07A3D5EAA.html"/>
   <appContext helpID="tmcPos_State_s"
               path="GUID-C25D79BD-A4F7-4399-AB03-5F1B07577255.html"/>
   <appContext helpID="tmcPos_Parameters_s"
               path="GUID-83442A0B-90E1-4DD3-B198-B28709B6E1E3.html"/>
   <appContext helpID="mc_rotor_position_calculation_api"
               path="GUID-ADE7881E-AEEB-4EDC-B439-356982B16585.html"/>
   <appContext helpID="mcRpcI_RotorPositionCalcInit"
               path="GUID-47A969F5-FAE8-48B3-9EDC-AA05ADCAF95D.html"/>
   <appContext helpID="mcRpcI_RotorPositionCalcEnable"
               path="GUID-0AD04A29-0AAD-4E91-86DB-BB865B50E8A5.html"/>
   <appContext helpID="mcRpcI_RotorPositionCalc"
               path="GUID-55B83109-5E0F-4799-A066-6CC19F8657BF.html"/>
   <appContext helpID="mcRpcI_RotorPositionCalcDisable"
               path="GUID-064598B7-AEC5-4F55-B8FD-A08D073B9CBE.html"/>
   <appContext helpID="mcRpcI_RotorPositionCalcReset"
               path="GUID-3E2FBF20-295D-4355-8861-09A6F326FADB.html"/>
   <appContext helpID="mcRpcI_MechanicalAngleGet"
               path="GUID-7B8B8A8A-B02D-4660-9558-E4734D8E7A35.html"/>
   <appContext helpID="tmcRpc_State_s"
               path="GUID-F4C1C653-264A-4B9D-96BA-67009B03D64F.html"/>
   <appContext helpID="tmcRpc_Parameters_s"
               path="GUID-F15B117E-87D5-4B61-AB1D-568BBABBCFD2.html"/>
   <appContext helpID="tmcRpc_Output_s"
               path="GUID-3F96E17E-B26E-46CD-BAA5-12BC3BD0A444.html"/>
   <appContext helpID="tmcRpc_ModuleData_s"
               path="GUID-2DDD2C10-61B4-4794-9312-5C5BFA43F2E6.html"/>
   <appContext helpID="tmcRpc_Input_s"
               path="GUID-D5A4A321-E0FE-4F02-8BCD-10E75827BA97.html"/>
   <appContext helpID="mc_rotor_position_estimation_api"
               path="GUID-3E4B291B-E17C-47FD-B8B0-865F74C611ED.html"/>
   <appContext helpID="mcRpeI_RotorPositionEstimInit"
               path="GUID-0BA3B3DD-B3CF-40CB-999C-0D13BED79AFE.html"/>
   <appContext helpID="mcRpeI_RotorPositionReady"
               path="GUID-144FAB56-2319-4EC8-B7C4-49C9351A39D1.html"/>
   <appContext helpID="mcRpeI_RotorPositionEstimEnable"
               path="GUID-513B1473-8804-4954-A6A2-74A15B83D972.html"/>
   <appContext helpID="mcRpeI_ParametersSet"
               path="GUID-2D8E3700-A5FA-4894-B9E9-CB42E98374B0.html"/>
   <appContext helpID="mcRpeI_RotorPositionEstim"
               path="GUID-20614B72-FE37-4738-89D3-C0E4740BB4F4.html"/>
   <appContext helpID="mcRpe_RotorPostionOffsetCalc"
               path="GUID-6823E2B6-2607-45AA-96B7-A8A902E0A5EE.html"/>
   <appContext helpID="mcRpeI_MechanicalSpeedGet"
               path="GUID-37583C5E-D05D-4E96-8F6E-3C72BC407236.html"/>
   <appContext helpID="mcRpeI_MechanicalAngleGet"
               path="GUID-9F0534F6-7369-445E-960E-419575EB2399.html"/>
   <appContext helpID="mcRpeI_ElectricalSpeedGet"
               path="GUID-DAB212D4-35AC-4316-8B51-728B693A284C.html"/>
   <appContext helpID="mcRpeI_ElectricalAngleGet"
               path="GUID-D924D758-3530-47B1-B4B8-7D6D6362D28E.html"/>
   <appContext helpID="mcRpeI_CarrierSignalInjection"
               path="GUID-2CC7C7AD-A0B2-4FEF-8B9A-E4C20268EFF4.html"/>
   <appContext helpID="mcRpeI_RotorPositionEstimReset"
               path="GUID-6B99ABD1-D79A-48A3-9E4E-8454083A026B.html"/>
   <appContext helpID="mcRpeI_RotorPositionEstimDisable"
               path="GUID-DC1BD475-C96E-44E6-8DF0-5C92AEC92844.html"/>
   <appContext helpID="tmcRpe_TrackingLoopParams_s"
               path="GUID-C0F33F98-171D-4E8B-8C1B-C038FB5FF19B.html"/>
   <appContext helpID="tmcRpe_State_s"
               path="GUID-A09367B3-9AF4-4388-8AE9-15D50E3C8FF8.html"/>
   <appContext helpID="tmcRpe_Parameters_s"
               path="GUID-4ACA687D-C6F6-422A-ACE3-C5EE61947232.html"/>
   <appContext helpID="tmcRpe_IPCParameters_s"
               path="GUID-22299CE3-D3BD-4E0A-A2E3-3D10749DE067.html"/>
   <appContext helpID="tmcRpe_HFIParameters_s"
               path="GUID-46094F12-D8C4-496E-9BBE-6F49A3C6C569.html"/>
   <appContext helpID="mc_ipd_api"
               path="GUID-D3037FB0-D2D8-4DAD-8982-9C3653254BE9.html"/>
   <appContext helpID="mcIpdI_InitialPositionDetectInit"
               path="GUID-3D69606D-A927-4597-BED3-D2419BB3E737.html"/>
   <appContext helpID="mcIpdI_InitialPositionDetectEnable"
               path="GUID-658E38E5-204B-43FA-A424-9DC600A5A250.html"/>
   <appContext helpID="mcIpdI_InitialPositionDetect"
               path="GUID-96E5605A-3822-4E52-8DBE-677FD2636AD9.html"/>
   <appContext helpID="mcIpdI_InitialPositionDetectDisable"
               path="GUID-E398D557-DFBD-4AD1-9582-03934F04CD94.html"/>
   <appContext helpID="mcIpdI_InitialPositionDetectReset"
               path="GUID-10EC98C6-3434-43A1-99AC-C04D3DB7E30F.html"/>
   <appContext helpID="tmcIpd_Input_s"
               path="GUID-A7E56BB4-8020-48F4-A513-5759BECBFC45.html"/>
   <appContext helpID="tmcIpd_Output_s"
               path="GUID-0DEE5DE1-6F7B-42EC-BA03-DC4927186E7F.html"/>
   <appContext helpID="tmcIpd_ModuleData_s"
               path="GUID-8EAA671A-9DCF-47E1-8B38-11D02115EC1F.html"/>
   <appContext helpID="tmcIpd_Parameters_s"
               path="GUID-F1F5D615-D875-4EFA-87FA-F2DB0F023128.html"/>
   <appContext helpID="mc_voltage_measurement_api"
               path="GUID-B6A3C0CD-E527-48B2-A454-3F3CCE8AEAF4.html"/>
   <appContext helpID="mcVolI_VoltageCalculationInit"
               path="GUID-C6AA53AD-A122-475B-835F-3B48BD2E60B5.html"/>
   <appContext helpID="mcVolI_VoltageCalculation"
               path="GUID-6BC2E275-8D1B-447A-BE9B-CB58B890C838.html"/>
   <appContext helpID="mcVolI_VoltageCalculationReset"
               path="GUID-00F676BC-46FD-45DB-A1E6-CBAB14783EA7.html"/>
   <appContext helpID="tmcVol_Input_s"
               path="GUID-654A5735-9049-41D4-B1E9-18E6B8C2337F.html"/>
   <appContext helpID="tmcVol_ModuleData_s"
               path="GUID-0566FC8E-7C36-4B1A-BF0A-5CDD617118DF.html"/>
   <appContext helpID="tmcVol_Output_s"
               path="GUID-4100F7AC-8BEB-4CEC-B588-98903F783ADC.html"/>
   <appContext helpID="mc_hardware_abstraction_api"
               path="GUID-C4F47DBF-B88F-4147-A7D9-D8C69DFCEC07.html"/>
   <appContext helpID="mc_utilities_api"
               path="GUID-A09E5182-84A4-40CB-9732-FE12DAC559EC.html"/>
   <appContext helpID="mc_key_manager_api"
               path="GUID-F3037440-0B95-4A3A-8BBC-61A03B757556.html"/>
   <appContext helpID="MH3_motor_control_introduction"
               path="GUID-42876005-92C2-4CC0-81FC-71368462D294.html"/>
   <appContext helpID="motor_control_introduction"
               path="GUID-42876005-92C2-4CC0-81FC-71368462D294.html"/>
   <appContext helpID="MH3_motor_control_software_design"
               path="GUID-7AA80154-50EF-428B-9AC0-598B6BCB3272.html"/>
   <appContext helpID="motor_control_software_design"
               path="GUID-7AA80154-50EF-428B-9AC0-598B6BCB3272.html"/>
   <appContext helpID="MH3_motor_control_release_notes"
               path="GUID-05FBE3B7-EA31-4FD0-BA88-715B91E2D508.html"/>
   <appContext helpID="motor_control_release_notes"
               path="GUID-05FBE3B7-EA31-4FD0-BA88-715B91E2D508.html"/>
</map>
